,danceability,energy,key,loudness,mode,speechiness,acousticness,instrumentalness,liveness,valence,tempo,duration_ms,time_signature,music_clusters,date_popular
0,0.6601292732679598,0.624511377667058,0.5674931129476585,0.7773875265660076,0.5959595959595959,0.1619862599244043,0.19793748744743705,0.01111335739345183,0.16930592607793513,0.4535824345146381,0.3841418686355549,0.2757387441133703,0.7449494949494949,0.9494949494949495,2018-06-30
1,0.6532481751824817,0.6166792534253969,0.5763636363636365,0.7781142615716832,0.59,0.15428810253552527,0.20752838850206612,0.010390664742917104,0.16368961625282172,0.4605614406779662,0.38783534520296087,0.27655595788754905,0.7425,0.95,2018-07-07
2,0.6400243309002431,0.6036789297658866,0.560909090909091,0.7677349544643696,0.66,0.1773753134577877,0.1998383687303803,0.003770731479538301,0.1581546275395034,0.43901059322033903,0.41354703904397916,0.2826307314526957,0.7275,0.92,2018-07-14
3,0.6542457420924573,0.6103571043262491,0.5500000000000003,0.7752469251713451,0.65,0.17327110615770408,0.19812445406726795,0.005395853725078701,0.15643002257336347,0.43091737288135584,0.41265482122986136,0.2800504246371624,0.7375,0.89,2018-07-21
4,0.6368797463687973,0.6138534988464865,0.5748393021120296,0.7768464857001144,0.6363636363636364,0.14842771543802474,0.18620008156494305,0.005861950671457493,0.15942266912921546,0.4282036466358502,0.40674672116686744,0.2866591413042155,0.7348484848484849,0.9292929292929293,2018-07-28
5,0.6265083929317505,0.6206972083549926,0.5619834710743804,0.780198473325879,0.6565656565656566,0.13854623132973648,0.1982001819194501,0.005398315473729955,0.1574229883484963,0.4339079352850539,0.3906633097631695,0.28523126562277884,0.7323232323232324,0.9292929292929293,2018-08-04
6,0.6227850278945171,0.6219177425348537,0.5436179981634529,0.7799087485501905,0.6767676767676768,0.136888528641106,0.19837095921699036,0.001395326507467116,0.15464122032970795,0.44524696113679163,0.393546904039671,0.2839583141211765,0.7373737373737373,0.9090909090909091,2018-08-11
7,0.6215815085158151,0.6220735785953179,0.5145454545454546,0.7867693174349827,0.61,0.13514488715519646,0.18382601720649305,0.0005198129066107032,0.14971783295711066,0.42664724576271174,0.40538711355169565,0.2818006454090928,0.7425,0.89,2018-08-18
8,0.6247810218978103,0.6308123853705904,0.5154545454545457,0.7927260351140738,0.58,0.14465728615213153,0.19340076010924187,0.00046451909758656886,0.15012302483069984,0.44137711864406776,0.39401023271566127,0.28716328587420764,0.7475,0.9,2018-08-25
9,0.6217761557177613,0.6271118783040244,0.5172727272727273,0.7869918317528872,0.69,0.12836862635831714,0.19649879329391054,0.0004700573976915006,0.14461625282167048,0.4551451271186442,0.3922265832889835,0.29069184506242346,0.7475,0.87,2018-09-01
10,0.6321532846715326,0.6327759197324415,0.5036363636363638,0.7890184020279787,0.66,0.12451936472555031,0.21009532023195301,0.0005744962224554042,0.14692437923250565,0.44988029661016954,0.39841707387875575,0.29416029519423015,0.7425,0.88,2018-09-08
11,0.6250851581508514,0.6254612148020287,0.5009090909090907,0.7820861890902263,0.69,0.14627054889941482,0.2051976314183848,0.0006970769150052466,0.15373476297968403,0.44172457627118655,0.409311106004161,0.29749011040237944,0.7525,0.89,2018-09-15
12,0.6240024330900242,0.6252885963965913,0.5018181818181816,0.78466200356774,0.72,0.1312942323767065,0.21257899376493308,0.0005787519412381953,0.15385553047404066,0.43639618644067807,0.40670158207944285,0.30373040546529534,0.75,0.88,2018-09-22
13,0.6252676399026764,0.6240910562088687,0.4890909090909089,0.783212843864426,0.69,0.13699916411256613,0.2061647050782173,0.0039447970619097585,0.15691309255079008,0.4361843220338985,0.4088185809666652,0.3009832147675903,0.7475,0.93,2018-09-29
14,0.6285766423357665,0.627899449778833,0.4727272727272725,0.7837390855318749,0.69,0.13431039286709387,0.19587910624340987,0.003908773976915006,0.1583126410835215,0.44719067796610196,0.40384162272001567,0.29804328771260585,0.7475,0.89,2018-10-06
15,0.6408272506082724,0.643780343079081,0.47545454545454524,0.8042662660783023,0.66,0.16682641404290888,0.18558425984840032,0.003826505141657923,0.17225282167042896,0.4676440677966101,0.3986964778170207,0.29948121058523447,0.755,0.9,2018-10-13
16,0.6404379562043796,0.6260006473190206,0.5009090909090907,0.7922744343254158,0.62,0.15994706046252435,0.20858656068158546,0.006571016159496328,0.17472460496613995,0.4582478813559325,0.4070405559049785,0.2891626096062874,0.755,1.02,2018-10-20
17,0.6411437980781048,0.6251870305166238,0.4940312213039484,0.7900695054952873,0.6464646464646465,0.15831201398211703,0.18564530917864114,0.0039163675580569605,0.17019403971999914,0.4571819893853792,0.4088128368693466,0.2912238005454644,0.75,0.9595959595959596,2018-10-27
18,0.6402919708029199,0.6043046714855973,0.4927272727272727,0.7790836541169842,0.64,0.16185706324881577,0.20594678431171518,0.004153294858342077,0.16549774266365685,0.47183898305084737,0.3998017562533262,0.2889230597512253,0.75,1.0,2018-11-03
19,0.6348418491484186,0.6108965368432411,0.48636363636363633,0.7842531217726036,0.66,0.14794232376706595,0.2044960230465283,0.0038769332633788035,0.17501693002257337,0.45523728813559317,0.3902538826261553,0.28938129692429415,0.7475,0.96,2018-11-10
20,0.6530048661800488,0.587603840759521,0.46545454545454557,0.7753135855788189,0.63,0.16325438840902756,0.22085224308619228,0.003834098950682057,0.15604063205417612,0.44370021186440667,0.3910461923653783,0.286308972368218,0.7525,0.97,2018-11-17
21,0.6429440389294406,0.5966447297443093,0.47909090909090907,0.7818951272181017,0.67,0.1466508776818054,0.20273496592977686,0.003955478384050368,0.15561286681715575,0.4397786016949153,0.38772019691325177,0.27611771329523027,0.75,0.97,2018-11-24
22,0.6358394160583942,0.6053619592189018,0.4654545454545456,0.7851037461271244,0.64,0.1478601281694064,0.19988209360742298,0.004302234837355719,0.1559864559819413,0.4505338983050848,0.3965588562581645,0.27419103912177095,0.75,0.96,2018-12-01
23,0.6260340632603408,0.5925558312655087,0.4636363636363639,0.7678678058398276,0.63,0.1342922819726943,0.23056559887501418,0.0044511592864637985,0.1587821670428894,0.4634364406779662,0.39041057864434675,0.26424051173127866,0.7475,0.93,2018-12-08
24,0.6492822384428224,0.5975952098392493,0.4572727272727273,0.7693380903201579,0.63,0.1730579548620786,0.21915020952760048,0.003656502203567681,0.18019413092550793,0.4656324152542373,0.40433813924234363,0.2619349469654939,0.75,0.87,2018-12-15
25,0.627250608272506,0.5782910777861691,0.4609090909090909,0.759141395174162,0.66,0.14529116745611592,0.2727333878135249,0.018989099685204618,0.17959367945823929,0.4850497881355931,0.39088568629348314,0.2529756116777682,0.75,0.88,2018-12-22
26,0.6085523114355234,0.5707627575790271,0.4527272727272726,0.7516829405689607,0.7,0.1153789356366676,0.29443528064837465,0.017066844805876183,0.1836286681715576,0.48577012711864415,0.39069294595771475,0.25845988188291363,0.745,0.94,2018-12-29
27,0.604124087591241,0.5632214909914769,0.4354545454545455,0.7394953525490565,0.7,0.12524101421008638,0.29277057908825094,0.007352005876180481,0.1845259593679458,0.48954025423728803,0.38540096279452335,0.2576191593924093,0.745,0.94,2019-01-05
28,0.6354014598540147,0.6243931384183838,0.5145454545454542,0.8011459017932591,0.63,0.136864028977431,0.20879684215922492,0.013789986253934943,0.162568848758465,0.460833686440678,0.4015646620542842,0.2639337290266666,0.7525,0.99,2019-01-12
29,0.6383941605839419,0.6193872046606967,0.5190909090909087,0.7935222044878415,0.61,0.1444580663137364,0.20418713443238576,0.004156231794333683,0.16572799097065463,0.4667235169491527,0.39754451110358524,0.2622175350362593,0.7525,0.99,2019-01-19
30,0.6431873479318737,0.6078217714963856,0.536363636363636,0.7857844333865363,0.61,0.14039704653106713,0.22163366192327127,0.004177947848898216,0.16368961625282163,0.45640572033898313,0.4052752914993469,0.26031091910062937,0.75,1.01,2019-01-26
31,0.6487591240875912,0.6024274463264647,0.4899999999999999,0.7844915970331426,0.62,0.13463081638339375,0.22014400059506048,0.004697283420776495,0.16453273137697522,0.44534851694915245,0.41011786975664033,0.2698112030674988,0.7525,0.9,2019-02-02
32,0.6488686131386863,0.6144999460567484,0.5263636363636364,0.7848502488029294,0.62,0.14338255781554754,0.2218759077937834,0.005605961175236097,0.1594661399548533,0.4640010593220341,0.3892625429387005,0.2664397120280488,0.7425,1.02,2019-02-09
33,0.645851581508516,0.6010464990829648,0.5054545454545454,0.7802056144962916,0.62,0.1471677347450543,0.22728321758805536,0.005878197901364115,0.16131602708803616,0.455208686440678,0.4016269534084861,0.2659688194528796,0.7425,0.96,2019-02-16
34,0.6375790754257907,0.6004315460135938,0.5018181818181818,0.7817599286451977,0.61,0.1454987461688492,0.23897132954786465,0.01568780692549843,0.1547088036117382,0.4388739406779662,0.3939327616236876,0.2705667354971719,0.7425,1.03,2019-02-23
35,0.6378588807785885,0.6103786816269287,0.48636363636363633,0.7878236785278376,0.59,0.13357481192532736,0.23375610766170415,0.01559481783840504,0.1516997742663657,0.44583368644067795,0.4000564855580822,0.2685198432108938,0.7475,1.01,2019-03-02
36,0.6639902676399027,0.5978638472327112,0.4700000000000002,0.7864580790536101,0.6,0.14082892170521036,0.23825796069183805,0.014300754354669465,0.16820880361173818,0.46902966101694915,0.40162501814311297,0.2727347650953833,0.7475,0.98,2019-03-09
37,0.6414598540145984,0.6059769122882726,0.4990909090909091,0.7956886677307295,0.62,0.13659375870716078,0.24447684441080464,0.005511753934942288,0.17011738148984196,0.4707213983050847,0.3971546760849581,0.2669698929461316,0.74,1.02,2019-03-16
38,0.6466058394160582,0.6098824037112958,0.4936363636363636,0.7973490752042062,0.59,0.13574811925327393,0.24814098910697716,0.008447640923399793,0.16449548532731378,0.47028707627118643,0.3921070201751416,0.26702118753959947,0.745,1.03,2019-03-23
39,0.6508272506082723,0.6058258711835149,0.4818181818181818,0.7954628673364003,0.59,0.13706882139871834,0.24713029108706078,0.008511258342077653,0.15535665914221217,0.46805190677966096,0.3887995911751897,0.2649475892361784,0.7425,1.01,2019-03-30
40,0.6563625304136251,0.6132160966663069,0.5063636363636362,0.7984283165899914,0.59,0.15085399832822516,0.2356739712340567,0.005661936306400843,0.15502483069977427,0.46483156779661017,0.38680675165707085,0.26585938551539173,0.7425,1.03,2019-04-06
41,0.646082725060827,0.5727921027079514,0.47818181818181826,0.7550103276687635,0.61,0.1700083588743383,0.28222759652894835,0.01611960440713536,0.14763769751693,0.44584639830508477,0.40013232376989694,0.2696783131383099,0.7425,1.05,2019-04-13
42,0.6527615571776154,0.5923076923076924,0.47000000000000014,0.7712970613087973,0.6,0.16646419615491787,0.2629715627472088,0.017762396432318993,0.15878442437923249,0.45605508474576284,0.3971923532826937,0.2704808067941945,0.745,1.02,2019-04-20
43,0.6483819951338198,0.6041104757794801,0.47454545454545466,0.7753778987888458,0.64,0.16307188631930902,0.24449232402244736,0.009517494228751314,0.1486128668171557,0.45347351694915256,0.4009315278920122,0.2705584134623275,0.745,1.04,2019-04-27
44,0.6625060827250607,0.5962131837307154,0.49,0.7776631302225142,0.6,0.16367651156310953,0.26048788921422866,0.00959889370409234,0.1467358916478555,0.46228707627118654,0.4063056993565244,0.26953076526609165,0.745,1.02,2019-05-04
45,0.6653163017031628,0.6114575466609129,0.4572727272727275,0.7876204112289926,0.6,0.1608135971022569,0.24480091108571375,0.009584538824763907,0.15214334085778783,0.47703072033898336,0.4077082829357977,0.2651562146067306,0.745,0.94,2019-05-11
46,0.6671950650052839,0.6151503164125889,0.4499540863177228,0.7913834618838844,0.6262626262626263,0.1493058194089122,0.24313400383830602,0.009649604438932877,0.14905830312150856,0.4931454374250987,0.40345658676855156,0.2692064615718564,0.7449494949494949,0.898989898989899,2019-05-18
47,0.668065693430657,0.6109289027942607,0.43545454545454554,0.792908647075392,0.63,0.14410838673725274,0.2512784249394636,0.00946441720881427,0.15079119638826186,0.5042552966101695,0.39576068024577865,0.2689063500244573,0.745,0.83,2019-05-25
48,0.6344282238442822,0.6270471464019853,0.4518181818181818,0.7944385503708571,0.6,0.14561716355530785,0.22188947758321048,0.018542430115424977,0.17766817155756215,0.4924099576271186,0.38194596980986,0.2710054068605082,0.755,0.86,2019-06-01
49,0.6678345498783453,0.6212644298198299,0.44363636363636366,0.7998319406628486,0.61,0.13838813039843967,0.23350370957836145,0.007165409233997901,0.1534040632054176,0.5192023305084748,0.4027618655958197,0.27335460075571305,0.755,0.81,2019-06-08
50,0.6695133819951339,0.6248031071312982,0.43909090909090875,0.8070195286827528,0.59,0.13855252159375872,0.23064973156946172,0.007171465162644282,0.15086907449209938,0.520823093220339,0.40444736078184695,0.2683477560051607,0.755,0.83,2019-06-15
51,0.6685888077858878,0.6014996223972385,0.43999999999999995,0.8005196695145991,0.64,0.13580663137364168,0.24070956931498702,0.007155381532004198,0.1532189616252822,0.5015222457627121,0.4124755672746624,0.26501616805586103,0.7525,0.86,2019-06-22
52,0.6762287104622869,0.6149638580213619,0.4399999999999997,0.8080015960942631,0.6,0.13174282529952638,0.2205172200627829,0.005461466211962226,0.15948419864559824,0.5092447033898304,0.4081608931249697,0.2674400961219646,0.7525,0.82,2019-06-29
53,0.6859975669099757,0.6182220304239943,0.45818181818181813,0.8163050417801143,0.59,0.13076623014767352,0.20560552923686523,0.00545939800629591,0.1580146726862303,0.5098697033898304,0.4017378683051913,0.2664822085728449,0.7525,0.81,2019-07-06
54,0.6900729927007301,0.62467364332722,0.4636363636363636,0.8157243451319123,0.6,0.13656589579269998,0.21559638219362173,0.005477062329485837,0.15911963882618513,0.5224544491525421,0.38799270646862444,0.2657883445552225,0.75,0.84,2019-07-13
55,0.6874817518248176,0.6258496062142629,0.4545454545454546,0.816330860952023,0.6,0.13568264140429095,0.21825405058214398,0.005477583420776496,0.157979683972912,0.5142870762711864,0.39267689535052497,0.2652538302698834,0.75,0.8,2019-07-20
56,0.6872262773722629,0.630488725860395,0.4445454545454546,0.816875410759553,0.63,0.12529395374756203,0.21073719137524294,0.00516889055613851,0.1635654627539504,0.5255084745762711,0.38753537907010505,0.26556158141642017,0.75,0.75,2019-07-27
57,0.6834184914841849,0.6356457007228397,0.448181818181818,0.8178410477889401,0.64,0.13483142936751188,0.20270427810228003,0.005189360965372509,0.1603972911963883,0.5294385593220338,0.38223970680729613,0.26867538483255804,0.7575,0.76,2019-08-03
58,0.6710462287104623,0.6373610961268745,0.41818181818181815,0.8170566144024033,0.69,0.12837837837837845,0.20209715567161918,0.006504993284365161,0.15424153498871332,0.5219067796610168,0.3759847476897771,0.2693117824912266,0.755,0.73,2019-08-10
59,0.6507785888077859,0.626389038731255,0.4445454545454545,0.805528119425406,0.67,0.13746029534689325,0.21713991056001025,0.01841249422875131,0.1444142212189616,0.4924258474576272,0.3857002636799071,0.2808397376343098,0.7525,0.81,2019-08-17
60,0.6669343065693429,0.6399719495091165,0.42454545454545456,0.809665759083654,0.69,0.13978127612148228,0.18558654158336327,0.0067584132214060875,0.15196726862302484,0.5108580508474576,0.38482842662925165,0.2638016926395131,0.745,0.75,2019-08-24
61,0.6691605839416062,0.6189448699967635,0.4072727272727273,0.7965172284292558,0.71,0.14818612426859842,0.19190761084256336,0.007001231164742918,0.14378555304740406,0.49514936440677965,0.39149626251874814,0.26677981570057746,0.7375,0.71,2019-08-31
62,0.6612652068126522,0.6134642356241234,0.42090909090909084,0.7928354145150692,0.7,0.13758010587907493,0.22462210146784917,0.001821677229800629,0.1493160270880362,0.5037711864406778,0.396035790313997,0.2603159746957615,0.7375,0.74,2019-09-07
63,0.6631021897810221,0.6270147804509656,0.428181818181818,0.8032940568960663,0.67,0.15181248258567842,0.20055569795458048,0.0017530316894018882,0.1354379232505644,0.511059322033898,0.4113633944554648,0.2607245258738137,0.7375,0.75,2019-09-14
64,0.6521532846715329,0.6273708059121805,0.4063636363636364,0.808564923481363,0.67,0.13146698244636382,0.21041952763060423,0.0018133269674711439,0.13639954853273145,0.4967256355932201,0.38564934200977324,0.26133168971777304,0.74,0.77,2019-09-21
65,0.6454136253041364,0.6307044988671919,0.4145454545454546,0.8135278377617129,0.67,0.13873502368347718,0.20506046597651725,0.001740282371458552,0.15245823927765245,0.49195974576271156,0.3864632420533166,0.2592686457899039,0.7325,0.77,2019-09-28
66,0.6521289537712895,0.6273923832128603,0.43909090909090914,0.8086240728570089,0.64,0.13162022847589847,0.20584047757617424,0.0017401542497376705,0.14477990970654633,0.49896186440677937,0.37269848565484553,0.261460558150834,0.7325,0.82,2019-10-05
67,0.6672262773722628,0.6444600280504912,0.4218181818181818,0.8178532532156605,0.64,0.1487447757035385,0.1743147005046955,0.0017426677859391396,0.15098194130925513,0.522266949152542,0.3828363128356478,0.2582678841677801,0.7325,0.84,2019-10-12
68,0.6523114355231145,0.6275110583665984,0.4481818181818182,0.8104882170688198,0.57,0.14365422123154076,0.2026676497225229,0.001810045645330535,0.14821670428893907,0.5124947033898303,0.3688219676810684,0.2550902620702333,0.7275,0.91,2019-10-19
69,0.6548175182481754,0.6253749055993095,0.4536363636363636,0.8097967327011546,0.59,0.16707996656450258,0.2038217954942268,0.0018536175236096536,0.15027878103837472,0.5164353813559321,0.3764163723450579,0.25339427404608467,0.735,0.89,2019-10-26
70,0.6603649635036498,0.6206386881001188,0.4581818181818182,0.8049563421274994,0.59,0.16838534410699352,0.21158029746988763,0.003605097061909759,0.1508905191873589,0.5171430084745762,0.3721523174802845,0.2565425474290329,0.735,0.85,2019-11-02
71,0.6337104622871046,0.6209515589599741,0.4536363636363637,0.8067233123650358,0.56,0.14658679297854557,0.218980637418242,0.0018510902413431268,0.17345372460496616,0.4964862288135594,0.3609019546180272,0.2504719759169832,0.7325,0.84,2019-11-09
72,0.6512287104622871,0.6143596936023304,0.47636363636363654,0.8034700967045346,0.55,0.15819030370576762,0.2166096433959857,0.010232940818467994,0.15292325056433403,0.5139332627118646,0.3774248875127003,0.2497245193081056,0.735,0.91,2019-11-16
73,0.6508759124087594,0.6047470061495307,0.4727272727272727,0.7997403999624448,0.58,0.16110337141264974,0.22070068361583636,0.010176378279118574,0.14773476297968394,0.5141980932203392,0.3922445449707292,0.2539485182838553,0.7425,0.92,2019-11-23
74,0.6290389294403895,0.59588952422052,0.5027272727272725,0.7908290301380151,0.56,0.14859710225689604,0.23259220169330877,0.00997300891920252,0.15735665914221222,0.49357521186440684,0.3685035560501235,0.25415645425507116,0.745,0.96,2019-11-30
75,0.6222379462734,0.5774261803113734,0.4768089053803338,0.7784499491280877,0.5714285714285714,0.13854123427024756,0.2603571187023023,0.010058933229115361,0.1611680563873405,0.4966220598408856,0.3791761249470518,0.25066447644475215,0.7423469387755102,0.9183673469387755,2019-12-07
76,0.6168128978347959,0.5642475025364225,0.4600550964187329,0.756130927147733,0.5858585858585859,0.13227566835814267,0.30221531355965764,0.00997568242763416,0.15998130287069343,0.5204427752097243,0.39456908824077047,0.24821886104398674,0.7297979797979798,0.898989898989899,2019-12-14
77,0.6139781021897811,0.5662423130866326,0.48636363636363633,0.76085109379401,0.61,0.11431875174143218,0.2819646441649403,0.008392140713536202,0.18346162528216714,0.512876059322034,0.3739754584159853,0.2514736895667618,0.7375,0.91,2019-12-21
78,0.6168128978347958,0.5575454621737931,0.4986225895316804,0.7527571271820634,0.5757575757575758,0.10707943182169984,0.2930149861749077,0.008555120671563485,0.1933841804044964,0.50598677452491,0.37347768898037415,0.24757319993406426,0.7323232323232324,0.9696969696969697,2019-12-28
79,0.6104379562043798,0.5427554212967958,0.48909090909090913,0.7336480142709604,0.59,0.10689885762050715,0.32167266250325427,0.012089772088142709,0.19021106094808132,0.5284269067796609,0.37279960327059863,0.24126636092353235,0.725,0.93,2020-01-04
80,0.6459976897933104,0.590096672845621,0.5270890725436179,0.7954054676897597,0.494949494949495,0.13139052829774478,0.23185295510162302,0.0084612961726393,0.16369906742367243,0.48600945899674713,0.3749798409856952,0.2579468527162814,0.7373737373737373,1.0909090909090908,2020-01-11
81,0.6484428223844283,0.5925234653144892,0.5218181818181817,0.7932931180170872,0.51,0.14117302869880194,0.22874151762514622,0.00991656369359916,0.15894808126410842,0.4909692796610171,0.37548581208573223,0.255304960720652,0.7375,1.03,2020-01-18
82,0.6447080291970805,0.5860502751105837,0.5172727272727271,0.7887987043470094,0.49,0.13870716076901643,0.23240234526168085,0.011831202728226655,0.16073137697516937,0.48047139830508473,0.3869013982292323,0.25930070285903745,0.74,1.03,2020-01-25
83,0.6656835999901695,0.596515374916497,0.5068870523415978,0.7847316465756046,0.5151515151515151,0.14188415219343056,0.21220533161646316,0.012825174197377765,0.1725038192306816,0.480859441876391,0.3938685930376385,0.27142053104175523,0.7323232323232324,1.0505050505050506,2020-02-01
84,0.6603406326034063,0.5902146941417628,0.5372727272727271,0.7891963195944038,0.53,0.14351351351351352,0.2430226655690215,0.009712176180482687,0.16244808126410837,0.47908368644067795,0.3798621728191979,0.2629945865737837,0.735,1.09,2020-02-08
85,0.646440069797734,0.6010705828377635,0.5169880624426079,0.793277816186463,0.5252525252525253,0.14945076285282474,0.23094718561805797,0.009819531198660266,0.15977609047586477,0.4963458739941792,0.38957741085928227,0.2586431162017233,0.7373737373737373,1.0606060606060606,2020-02-15
86,0.6631644916316449,0.596482682036679,0.5454545454545456,0.7937738098286404,0.5151515151515151,0.13735009611298274,0.2292175832021258,0.00842420829491134,0.15249903094146894,0.5003263567882215,0.3867013303972035,0.2571454384229938,0.73989898989899,1.0909090909090908,2020-02-22
87,0.6430976430976434,0.5963628081440142,0.5325987144168962,0.790356385183162,0.5555555555555556,0.14034606302647534,0.2543722059521818,0.008678155426245669,0.14263059488793126,0.4856745420304744,0.41165586876555,0.2626758536174746,0.7474747474747475,1.0707070707070707,2020-02-29
88,0.6538499348718331,0.6016917475543001,0.5353535353535354,0.7907124953411685,0.5353535353535354,0.13627638885370846,0.24250074699837826,0.00859650354542275,0.14029573386232536,0.4985897106659822,0.398038515690555,0.25916635007021827,0.7424242424242424,1.0909090909090908,2020-03-07
89,0.6629440389294404,0.6090516776351279,0.5436363636363636,0.7955370387757017,0.56,0.15189746447478403,0.21603155026300258,0.008503733263378808,0.15491760722347642,0.4918718220338982,0.39371135516957756,0.2647361241969319,0.745,1.0,2020-03-14
90,0.6764476885644768,0.6193224727586578,0.5300000000000002,0.7941409257346725,0.58,0.17647255502925607,0.22022893742517768,0.007029673871983213,0.1746320541760722,0.5030508474576273,0.4089138927862981,0.2679452452784353,0.7425,1.0,2020-03-21
91,0.682603406326034,0.6085122451181356,0.5663636363636362,0.7921833630645007,0.55,0.17135135135135132,0.21578789715506855,0.007033537145855195,0.18306546275395033,0.5010487288135593,0.42379215249891133,0.2628682623525588,0.74,1.07,2020-03-28
92,0.6442896114428963,0.6029776674937967,0.5638200183654728,0.7839188998235098,0.5555555555555556,0.14283402427732322,0.2194439842493784,0.008403626824382336,0.17099208792211057,0.4816694487245336,0.40486411358248425,0.2720495457607793,0.7424242424242424,1.0505050505050506,2020-04-04
93,0.6582614465826145,0.6205882320889333,0.5904499540863177,0.7995038166853018,0.5555555555555556,0.1369814050226421,0.2217325218751554,0.0071959241947279744,0.1801992840367558,0.5232751241225818,0.4006041473323394,0.2674279339769649,0.7449494949494949,1.0909090909090908,2020-04-11
94,0.6402836147361698,0.6045578233516521,0.5638200183654729,0.783698879699255,0.5555555555555556,0.1425188074672611,0.22301039701731462,0.007769458806321347,0.17636637252890075,0.5062938709125152,0.3789847040730007,0.2741070662039234,0.7424242424242424,1.1111111111111112,2020-04-18
95,0.6636928899702624,0.626265895550608,0.5739210284664829,0.8055510508331837,0.5050505050505051,0.13942855695433015,0.2175733534943954,0.007418054840111504,0.18374717832957116,0.5357836843006335,0.38357008568436307,0.263245760384753,0.7424242424242424,1.1414141414141414,2020-04-25
96,0.6643073066430732,0.6253722901689243,0.5555555555555555,0.8009652434589057,0.5555555555555556,0.13934130944440223,0.21400825049289088,0.010610034871273067,0.1899434525845361,0.5417651087142612,0.37227382929884273,0.2643144454163681,0.7424242424242424,1.1515151515151516,2020-05-02
97,0.6477672098110058,0.6203048937971798,0.5610651974288338,0.7948236472318719,0.5454545454545454,0.1363383064413993,0.21262101493029148,0.01060584268710187,0.19447294616594846,0.5262979369970896,0.3726960690166457,0.26492755984767147,0.73989898989899,1.1818181818181819,2020-05-09
98,0.6567031630170318,0.6067536951127412,0.537272727272727,0.7877011548211434,0.61,0.1440651992198384,0.22830841015341896,0.010502400419727179,0.19770541760722357,0.4983993644067795,0.38148785620978287,0.2614109706414367,0.74,1.17,2020-05-16
99,0.6506812652068126,0.6096666307044989,0.5390909090909091,0.7906013519857291,0.6,0.1301713569239343,0.22143865902335716,0.020318332633788037,0.19563882618510164,0.5164290254237287,0.3878349823407035,0.26417319681037904,0.735,1.16,2020-05-23
100,0.6792457420924578,0.5985974754558204,0.510909090909091,0.775971270303258,0.56,0.17547924212872668,0.21449906871037758,0.010529903882476392,0.18920767494356658,0.4881239406779663,0.4061421694324835,0.2563545547957572,0.73,1.1,2020-05-30
101,0.6873479318734798,0.6055885208760384,0.5218181818181818,0.773356022908647,0.6,0.15056701030927835,0.20602257409858904,0.010611853095487934,0.18686794582392785,0.49699046610169506,0.3994924161788185,0.2531143615013147,0.7375,1.06,2020-06-06
102,0.6598661800486622,0.6264537706332939,0.5427272727272727,0.7944676556191907,0.58,0.12790749512398997,0.2332755360820701,0.010700886883525709,0.20769525959367952,0.5246069915254237,0.3968829527311433,0.2576591609681793,0.7325,1.12,2020-06-13
103,0.6500729927007304,0.6226669543640092,0.5336363636363636,0.7899873251337906,0.6,0.12741989412092505,0.23038899057854542,0.01059165204616999,0.20448645598194137,0.5184099576271187,0.39059987178866895,0.25542404624884685,0.7325,1.14,2020-06-20
104,0.639939172749392,0.619656920919193,0.5072727272727274,0.7869688292179136,0.6,0.13976316522708274,0.24071308740854214,0.01059391563483736,0.19870203160270886,0.5246387711864409,0.3893812593739417,0.2601881731902446,0.7275,1.1,2020-06-27
105,0.6381265206812653,0.6147157190635449,0.49636363636363656,0.7844028729696738,0.63,0.1297297297297297,0.2378089514372418,0.010593100734522562,0.19453724604966133,0.5095762711864408,0.38752606560549624,0.26252476092615884,0.7325,1.11,2020-07-04
106,0.6462530413625305,0.6291509332182542,0.4772727272727274,0.788649422589428,0.65,0.1364446921147952,0.21703400589230404,0.005773360125918155,0.19355756207674932,0.5157944915254238,0.3960550220136436,0.260889850400344,0.7325,1.11,2020-07-11
107,0.6466545012165449,0.6431761786600496,0.5245454545454544,0.7891859919256404,0.65,0.15776260796879352,0.21950541635632048,0.003698486149003149,0.20075169300225731,0.5153802966101695,0.3998898108278099,0.25486876791207214,0.74,1.15,2020-07-18
108,0.6463260340632604,0.6270903010033445,0.4872727272727272,0.7873302976246364,0.68,0.13123711340206184,0.2126694590277798,0.003697001469045122,0.17728103837471784,0.4876514830508476,0.3871454230973924,0.2522841933863624,0.7375,1.14,2020-07-25
109,0.6506326034063262,0.6233682166360988,0.479090909090909,0.7827861233686978,0.63,0.1250055725828922,0.2112646340127274,0.0037841518363064012,0.17486230248307005,0.486115466101695,0.39553491944457897,0.2541488052052933,0.74,1.09,2020-08-01
110,0.6225669099756691,0.5906354515050168,0.4545454545454547,0.755676462304009,0.68,0.10544302033992753,0.2747629056236222,0.005036568100734522,0.1657652370203161,0.4725911016949154,0.383853173835212,0.2737696027418397,0.74,1.04,2020-08-08
111,0.6376763990267641,0.6017801273060741,0.4545454545454546,0.7710365223922636,0.67,0.12080523822791864,0.2489902568911913,0.009801701573976918,0.16954063205417616,0.47561864406779675,0.3923782597126131,0.2649452748241211,0.74,1.07,2020-08-15
112,0.6433454987834551,0.6146294098608265,0.46,0.7796962726504557,0.62,0.12624268598495403,0.21413821282857737,0.005085602518363066,0.17449209932279913,0.480648305084746,0.4051341380811845,0.257665792333223,0.74,1.06,2020-08-22
113,0.6383576642335766,0.615481713237674,0.44818181818181807,0.7753121772603514,0.62,0.13168292003343549,0.22238723756278544,0.005713990975865689,0.17250112866817166,0.48274258474576287,0.41039394745754515,0.2592988152179979,0.7375,1.04,2020-08-29
114,0.6348296836982967,0.6175099795015645,0.4554545454545456,0.7772209182236406,0.59,0.13800501532460294,0.22310221469015143,0.005705994963273873,0.17137584650112878,0.4739459745762713,0.42219241375973693,0.2546626539248161,0.735,1.05,2020-09-05
115,0.6378223844282239,0.6315460135936996,0.4745454545454546,0.7866791850530466,0.6,0.12880746726107548,0.2151550423829756,0.005707531164742918,0.16593905191873595,0.481156779661017,0.4308683898592096,0.2559256991658269,0.7375,1.12,2020-09-12
116,0.638990267639903,0.6486568130326897,0.48363636363636353,0.7949591587644353,0.56,0.12428252995263306,0.19871267930968972,0.005707406820566633,0.1754548532731377,0.48956779661016936,0.43445038463399294,0.2593627323850263,0.74,1.14,2020-09-19
117,0.6399391727493917,0.651990505987701,0.45272727272727276,0.7936113979907989,0.57,0.1554499860685427,0.19486217617205284,0.0008491558237145856,0.1607663656884876,0.4935985169491525,0.4302194107116939,0.25394024549182087,0.745,1.09,2020-09-26
118,0.6495012165450124,0.6409429280397022,0.4272727272727274,0.7902084311332271,0.56,0.15133045416550567,0.2005730270782635,0.0007952745015739769,0.15515575620767497,0.48314300847457614,0.4247228941893657,0.2582857757219817,0.7425,1.04,2020-10-03
119,0.6287834549878347,0.6428956737512138,0.4445454545454546,0.78467467843395,0.58,0.14879074951239896,0.19341238992136553,0.004397588037775446,0.15843227990970657,0.4691917372881357,0.4385554453529443,0.26218523175307684,0.7425,1.1,2020-10-10
120,0.6301581508515816,0.6536519581400368,0.4545454545454545,0.7904365787250022,0.57,0.15346614655893012,0.16773104074253883,0.014591817838405036,0.16038939051918735,0.4695381355932204,0.4498341719483286,0.2593415251483029,0.7375,1.07,2020-10-17
121,0.6310340632603407,0.6492933434027404,0.43545454545454537,0.7828795418270587,0.56,0.14262886597938143,0.18703368423803618,0.009770989926547746,0.15967494356659143,0.4892129237288137,0.44214131065847434,0.2613592985197612,0.74,1.04,2020-10-24
122,0.6300729927007298,0.6514726507713885,0.4436363636363639,0.7899338090320162,0.53,0.14326971301198102,0.18185224610170095,0.0019285667366211955,0.15603160270880365,0.4805021186440679,0.44203795539213336,0.2615466345822405,0.74,1.07,2020-10-31
123,0.6241727493917274,0.6518502535332833,0.42818181818181844,0.7909848840484461,0.59,0.12225968236277515,0.18934665987172025,0.001981256033578174,0.15665801354401807,0.47494067796610173,0.4296508055542118,0.255249529731167,0.74,1.07,2020-11-07
124,0.6238564476885645,0.6381055130003236,0.4281818181818183,0.7871505023002535,0.57,0.13247144051267767,0.19223365770155904,0.0018184824763903462,0.1651715575620768,0.47313559322033905,0.4393078402438435,0.2521762203188964,0.735,1.03,2020-11-14
125,0.6328710462287106,0.6327219764807424,0.439090909090909,0.7854159233874755,0.55,0.1414098634717192,0.18482575887790909,0.003181589192025184,0.15762189616252825,0.47415677966101716,0.43486477333204326,0.2467233670263581,0.735,1.07,2020-11-21
126,0.6220559610705597,0.6291617218685943,0.4390909090909087,0.781197070697587,0.58,0.14600585121203685,0.18751028539780087,0.003097773557187828,0.1550620767494357,0.48469703389830526,0.45760335526634094,0.24984166795245102,0.74,1.06,2020-11-28
127,0.6164963503649634,0.6246844319775596,0.41818181818181793,0.7717129846962727,0.61,0.12595709111173034,0.23008935957630086,0.001521169674711437,0.146097065462754,0.5126631355932205,0.43898773525569695,0.25137215089310044,0.7425,1.11,2020-12-05
128,0.6074035453597496,0.6066986509783544,0.40445269016697577,0.7511357561520526,0.6122448979591837,0.11023763085618753,0.27941084671937144,0.005249942073366597,0.15060234025890268,0.5324930819785544,0.4220631113735349,0.24019059781239976,0.7423469387755102,1.0204081632653061,2020-12-12
129,0.5980063558270025,0.5912752845231307,0.39239332096474944,0.7425646533141469,0.6224489795918368,0.11339921870113334,0.2882171272158834,0.0052508373128894795,0.1506023402589027,0.5452276461432034,0.4180410794633787,0.2457814488869349,0.7372448979591837,1.010204081632653,2020-12-19
130,0.5826754059287947,0.5346348702389578,0.4341372912801486,0.6949275626126895,0.6530612244897959,0.11125263702583296,0.4093878593114593,0.02880435873824871,0.16231400009213623,0.5057787097890001,0.4156932125503935,0.2526684075619,0.7397959183673469,0.9183673469387755,2020-12-26
131,0.5753140672327324,0.5365504061156235,0.41465677179962906,0.6999515231874368,0.6122448979591837,0.10932497824986782,0.34875903506427414,0.01492543942865709,0.16603054314276508,0.5492379367001036,0.412226335209685,0.24633460978289143,0.7270408163265306,0.9591836734693877,2021-01-02
132,0.6206082725060829,0.6153198834825764,0.4163636363636365,0.7652215754389263,0.57,0.12895096127054895,0.23996546237298413,0.0014410237145855193,0.15240632054176076,0.5519173728813559,0.4110355484058251,0.24298176702898427,0.7475,1.07,2021-01-09
133,0.6325425790754259,0.6252022871938719,0.4499999999999998,0.7845648295934656,0.58,0.12682920033435502,0.21113951050251434,0.001737600104931794,0.15029232505643342,0.5247245762711864,0.40646130678794334,0.24855549500513768,0.75,1.16,2021-01-16
134,0.620316301703163,0.6207789405545366,0.4554545454545453,0.7844634306637873,0.6,0.11205628308721095,0.2462813449571144,0.002168930430220357,0.1439977426636569,0.5031779661016952,0.39893784169529256,0.25148672249706994,0.74,1.16,2021-01-23
135,0.6352311435523117,0.6134210810227642,0.4518181818181818,0.785217819923012,0.64,0.11967957648370023,0.22791589142962249,0.002131453725078699,0.15119187358916486,0.5028019067796611,0.3972525884174368,0.24841631841057335,0.745,1.16,2021-01-30
136,0.6387104622871048,0.6030316107454958,0.4518181818181817,0.7788794479391606,0.61,0.11965449986068544,0.2360873170716997,0.002126232318992655,0.14389164785553055,0.5039830508474575,0.38902849678262136,0.250811160390397,0.745,1.17,2021-02-06
137,0.6345863746958641,0.6107562843888228,0.47999999999999987,0.7822227959815978,0.61,0.1234327110615771,0.2287237462268446,0.0021970961175236097,0.14791986455981948,0.49486228813559324,0.3781660336736178,0.2529221175721325,0.74,1.23,2021-02-13
138,0.6458150851581511,0.6112957169058153,0.49999999999999994,0.780528119425406,0.63,0.13274449707439406,0.22820736045481912,0.0023231891920251838,0.14800902934537252,0.49728813559322027,0.38207139919686506,0.24985560366760448,0.74,1.23,2021-02-20
139,0.6479197080291976,0.5990398101197539,0.4763636363636364,0.776734578912778,0.61,0.13142658122039574,0.21480272039097076,0.0023243070304302207,0.14587584650112875,0.47874788135593227,0.38006501282113314,0.25565287758565786,0.735,1.15,2021-02-27
140,0.6556690997566915,0.5955658647103248,0.4927272727272727,0.7753671016805933,0.58,0.1457300083588744,0.2269662775655195,0.0025977208814270724,0.15525056433408588,0.48388771186440677,0.3816259857757994,0.25378555741219183,0.7375,1.12,2021-03-06
141,0.6488564476885648,0.5992447944762109,0.4781818181818182,0.7734719744624919,0.59,0.13747422680412374,0.21480925399328754,0.0025442161594963274,0.15043340857787815,0.4860381355932205,0.3814953553631042,0.2576272680417448,0.7375,1.13,2021-03-13
142,0.6542214111922146,0.6000215773006797,0.46818181818181825,0.7699441367007793,0.59,0.14619392588464755,0.20227086907967698,0.002525264113326338,0.15321331828442442,0.47737182203389855,0.3893103198026029,0.25871994957536276,0.74,1.11,2021-03-20
143,0.6500729927007302,0.6057827165821557,0.4736363636363637,0.7769420711670265,0.6,0.1455920869322931,0.18966574090547694,0.002564545645330535,0.1550022573363432,0.47329343220338976,0.3880640693792635,0.25957557622294514,0.74,1.12,2021-03-27
144,0.6398905109489056,0.5951990505987703,0.4663636363636365,0.7685658623603421,0.64,0.13342156589579274,0.22185428659596304,0.0025261943336831066,0.15629571106094808,0.4708993644067796,0.37421918089893075,0.25808256706049965,0.745,1.08,2021-04-03
145,0.6359854014598543,0.5922429604056535,0.4509090909090911,0.757256595624824,0.6,0.1630830314850933,0.22352789395862926,0.011450078698845751,0.16972460496613995,0.48371716101694895,0.3874514974115824,0.2529306201639457,0.7325,1.02,2021-04-10
146,0.6373114355231146,0.6041428417304995,0.4918181818181819,0.7678480893812788,0.62,0.14712454722764,0.20483515721354936,0.0025327410283315843,0.16487133182844246,0.45815572033898294,0.39217995548889634,0.2572635114062761,0.7375,1.12,2021-04-17
147,0.6268978102189784,0.6218793828892006,0.5154545454545453,0.7817092291803586,0.62,0.13743800501532466,0.21054329416187462,0.011969686253934943,0.16340180586907452,0.47266843220339,0.3861346098021191,0.26146480944674066,0.7425,1.18,2021-04-24
148,0.6410948905109494,0.6098284604595964,0.47909090909090907,0.7682982818514694,0.61,0.14837280579548617,0.2220605876020373,0.0022768944386149007,0.16586455981941317,0.47257309322033886,0.3868446707629781,0.26120370765528717,0.74,1.13,2021-05-01
149,0.6345133819951344,0.6040781098284606,0.4372727272727272,0.7653201577316686,0.64,0.1617511841738646,0.2215517305502198,0.002273432109129066,0.165959367945824,0.476863347457627,0.4044304876868741,0.2557094411597666,0.74,1.02,2021-05-08
